BusNum,BusName,SubNum,SubName,Latitude,Longitude,generation_capacity_min,generation_capacity_max,load,max_flood_level_wsw_5_05,max_flood_level_w_5_05,max_flood_level_wnw_5_05,max_flood_level_nw_5_05,max_flood_level_nnw_5_05,max_flood_level_n_5_05,max_flood_level_nne_5_05,max_flood_level_ne_5_05
2057,WICHITA FA~4,98,WICHITA FALLS 1,33.89726576,-98.48562443,749.1033,1253.1033,0,0,0,0,0,0,0,0,0
4003,EDINBURG 3 0,236,EDINBURG 3,26.35960403,-98.31530591,0,0,180.2624,0,0,0,0,0,0,0,0
4007,MCALLEN 2 0,239,MCALLEN 2,26.20144631,-98.25474728,0,0,183.657,0,0,0,0,0,0,0,0
4009,SARITA 3 0,241,SARITA 3,27.10321841,-97.52877941,0,0,0,7,5,1,0,0,0,0,0
4010,SARITA 3 1,241,SARITA 3,27.10321841,-97.52877941,60.48,201.6,0,7,5,1,0,0,0,0,0
4012,PROGRESO 0,243,PROGRESO,26.13757929,-97.94226594,0,0,13.74,0,0,0,0,0,0,0,0
4013,EDINBURG 2 0,244,EDINBURG 2,26.27068529,-98.17911478,0,0,92.349,0,0,0,0,0,0,0,0
4017,CORPUS CH~24,247,CORPUS CHRISTI 4,27.64903705,-97.29187316,0,0,89.562,10,11,8,6,4,3,2,2
4018,WOODSBORO 0,248,WOODSBORO,28.25340557,-97.33984889,0,0,7.137,0,0,0,0,0,0,0,0
4019,MERCEDES 0,249,MERCEDES,26.23129931,-97.82383678,0,0,135.828,0,0,0,0,0,0,0,0
4020,CORPUS CH~13,250,CORPUS CHRISTI 16,27.6885618,-97.50220925,0,0,117.813,0,0,0,0,0,0,0,0
4021,EDCOUCH 0,251,EDCOUCH,26.29270314,-98.01038319,0,0,31.971,0,0,0,0,0,0,0,0
4027,MCALLEN 3 0,255,MCALLEN 3,26.16062777,-98.25160006,0,0,65.118,0,0,0,0,0,0,0,0
4028,FANNIN 0,256,FANNIN,28.7168219,-97.21257961,0,0,0,0,0,0,0,0,0,0,0
4029,FANNIN 1,256,FANNIN,28.7168219,-97.21257961,0,0,0,0,0,0,0,0,0,0,0
4030,FANNIN 2,256,FANNIN,28.7168219,-97.21257961,186.72,622.4,0,0,0,0,0,0,0,0,0
4032,KINGSVILLE 0,258,KINGSVILLE,27.49223223,-97.8550724,0,0,91.389,0,0,0,0,0,0,0,0
4034,HIDALGO 0,260,HIDALGO,26.11182856,-98.25552395,0,0,37.641,0,0,0,0,0,0,0,0
4035,CORPUS CH~15,261,CORPUS CHRISTI 18,27.84990362,-97.61085121,0,0,79.161,0,0,0,0,0,0,0,0
4037,SINTON 0,263,SINTON,28.03086677,-97.51260151,0,0,28.722,0,0,0,0,0,0,0,0
4038,BEEVILLE 0,264,BEEVILLE,28.39712107,-97.74320815,0,0,83.304,0,0,0,0,0,0,0,0
4039,MISSION 4 0,265,MISSION 4,26.23517651,-98.36638298,0,0,0,0,0,0,0,0,0,0,0
4040,MISSION 4 1,265,MISSION 4,26.23517651,-98.36638298,0,0,225.663,0,0,0,0,0,0,0,0
4041,SAN JUAN 0,266,SAN JUAN,26.1257441,-98.15492068,0,0,0,0,0,0,0,0,0,0,0
4042,SAN JUAN 1,266,SAN JUAN,26.1257441,-98.15492068,0,0,215.178,0,0,0,0,0,0,0,0
4048,LA JOYA 0,269,LA JOYA,26.24526427,-98.45160059,0,0,13.104,0,0,0,0,0,0,0,0
4049,SEBASTIAN ~2,270,SEBASTIAN 2,26.32150757,-97.59934349,0,0,0,3,0,0,0,0,0,0,0
4050,SEBASTIAN ~3,270,SEBASTIAN 2,26.32150757,-97.59934349,60,200,0,3,0,0,0,0,0,0,0
4051,BISHOP 0,271,BISHOP,27.53064413,-97.88613616,0,0,89.391,0,0,0,0,0,0,0,0
4052,BISHOP 1,271,BISHOP,27.53064413,-97.88613616,13.26,44.2,0,0,0,0,0,0,0,0,0
4053,ARMSTRONG ~4,272,ARMSTRONG 2,26.927196,-97.78956941,0,0,0.111,0,0,0,0,0,0,0,0
4054,SKIDMORE 0,273,SKIDMORE,28.02651217,-97.64239977,0,0,5.598,0,0,0,0,0,0,0,0
4055,CORPUS CH~29,274,CORPUS CHRISTI 9,27.82089954,-97.41837433,0,0,17.781,15,18,15,13,11,9,5,7
4056,GREGORY 0,275,GREGORY,27.88890334,-97.25756562,0,0,0,0,0,0,0,0,0,0,0
4057,GREGORY 1,275,GREGORY,27.88890334,-97.25756562,0,0,0,0,0,0,0,0,0,0,0
4058,GREGORY 2,275,GREGORY,27.88890334,-97.25756562,43.2,144,0,0,0,0,0,0,0,0,0
4059,GREGORY 3,275,GREGORY,27.88890334,-97.25756562,43.2,144,0,0,0,0,0,0,0,0,0
4060,GREGORY 4,275,GREGORY,27.88890334,-97.25756562,43.2,144,0,0,0,0,0,0,0,0,0
4061,GREGORY 5,275,GREGORY,27.88890334,-97.25756562,51.7,172.33,0,0,0,0,0,0,0,0,0
4062,GREGORY 6,275,GREGORY,27.88890334,-97.25756562,51.7,172.33,0,0,0,0,0,0,0,0,0
4063,GREGORY 7,275,GREGORY,27.88890334,-97.25756562,51.7,172.33,0,0,0,0,0,0,0,0,0
4064,CORPUS CH~16,276,CORPUS CHRISTI 2,27.80990435,-97.496738,0,0,8.817,0,0,0,0,0,0,0,0
4065,CORPUS CH~17,276,CORPUS CHRISTI 2,27.80990435,-97.496738,14.1,47,0,0,0,0,0,0,0,0,0
4066,WESLACO 0,277,WESLACO,26.15484383,-98.00821443,0,0,191.532,0,0,0,0,0,0,0,0
4067,HARLINGEN ~1,278,HARLINGEN 1,26.22220812,-97.69819672,0,0,159.456,0,0,0,0,0,0,0,0
4068,ELSA 0,279,ELSA,26.30425161,-98.08379591,0,0,27.987,0,0,0,0,0,0,0,0
4069,CORPUS CH~14,280,CORPUS CHRISTI 17,27.79678044,-97.48548084,0,0,4.239,0,0,0,0,0,0,0,0
4070,BROWNSVILL~3,281,BROWNSVILLE 2,25.96448114,-97.37557531,0,0,0,0,0,0,0,0,0,0,0
4071,BROWNSVILL~4,281,BROWNSVILLE 2,25.96448114,-97.37557531,0,0,281.454,0,0,0,0,0,0,0,0
4072,CORPUS CHR~7,282,CORPUS CHRISTI 10,27.78443632,-97.40556755,0,0,51.708,0,0,0,0,0,0,0,0
4073,MISSION 1 0,283,MISSION 1,26.20660919,-98.39778466,0,0,184.4439,0,0,0,0,0,0,0,0
4074,MISSION 1 1,283,MISSION 1,26.20660919,-98.39778466,0,0,0,0,0,0,0,0,0,0,0
4075,MISSION 1 2,283,MISSION 1,26.20660919,-98.39778466,52.9,176.33,0,0,0,0,0,0,0,0,0
4076,MISSION 1 3,283,MISSION 1,26.20660919,-98.39778466,52.9,176.33,0,0,0,0,0,0,0,0,0
4077,MISSION 1 4,283,MISSION 1,26.20660919,-98.39778466,52.9,176.33,0,0,0,0,0,0,0,0,0
4078,CORPUS CH~28,284,CORPUS CHRISTI 8,27.73176011,-97.38337839,0,0,84.072,0,0,0,0,0,0,0,0
4079,MISSION 3 0,285,MISSION 3,26.32111075,-98.3512154,0,0,171.213,0,0,0,0,0,0,0,0
4080,CORPUS CH~18,286,CORPUS CHRISTI 3,27.60764208,-97.31298729,0,0,0,2,3,0,0,0,0,0,0
4081,CORPUS CH~19,286,CORPUS CHRISTI 3,27.60764208,-97.31298729,0,0,0,2,3,0,0,0,0,0,0
4082,CORPUS CH~20,286,CORPUS CHRISTI 3,27.60764208,-97.31298729,73.02,243.4,0,2,3,0,0,0,0,0,0
4083,CORPUS CH~21,286,CORPUS CHRISTI 3,27.60764208,-97.31298729,73.02,243.4,0,2,3,0,0,0,0,0,0
4084,CORPUS CH~22,286,CORPUS CHRISTI 3,27.60764208,-97.31298729,73.02,243.4,0,2,3,0,0,0,0,0,0
4085,CORPUS CH~23,286,CORPUS CHRISTI 3,27.60764208,-97.31298729,105.6,352,0,2,3,0,0,0,0,0,0
4086,RIO HONDO 0,287,RIO HONDO,26.19558639,-97.46617711,0,0,19.869,5,1,0,0,0,0,0,0
4087,CORPUS CH~25,288,CORPUS CHRISTI 5,27.67926157,-97.27137222,0,0,2.082,13,14,11,9,7,6,5,5
4088,PHARR 0,289,PHARR,26.13933141,-98.19444998,0,0,212.52,0,0,0,0,0,0,0,0
4089,SANTA ROSA~1,290,SANTA ROSA 1,26.2284154,-97.88756858,0,0,8.604,0,0,0,0,0,0,0,0
4090,SANTA ROSA~2,290,SANTA ROSA 1,26.2284154,-97.88756858,0.42,1.4,0,0,0,0,0,0,0,0,0
4091,SANTA ROSA~3,290,SANTA ROSA 1,26.2284154,-97.88756858,7.05,23.5,0,0,0,0,0,0,0,0,0
4092,SANTA ROSA~4,290,SANTA ROSA 1,26.2284154,-97.88756858,2.28,7.6,0,0,0,0,0,0,0,0,0
4093,SANTA ROSA~5,290,SANTA ROSA 1,26.2284154,-97.88756858,8.4,28,0,0,0,0,0,0,0,0,0
4094,SANTA ROSA~6,290,SANTA ROSA 1,26.2284154,-97.88756858,8.4,28,0,0,0,0,0,0,0,0,0
4095,SANTA ROSA~7,290,SANTA ROSA 1,26.2284154,-97.88756858,8.4,28,0,0,0,0,0,0,0,0,0
4096,SANTA ROSA~8,290,SANTA ROSA 1,26.2284154,-97.88756858,8.4,28,0,0,0,0,0,0,0,0,0
4097,SANTA ROSA~9,290,SANTA ROSA 1,26.2284154,-97.88756858,8.4,28,0,0,0,0,0,0,0,0,0
4098,SANTA ROS~10,290,SANTA ROSA 1,26.2284154,-97.88756858,8.4,28,0,0,0,0,0,0,0,0,0
4099,ODEM 0,291,ODEM,27.97543641,-97.68472989,0,0,15.168,0,0,0,0,0,0,0,0
4100,CORPUS CH~10,292,CORPUS CHRISTI 13,27.76621117,-97.45213708,0,0,50.601,0,0,0,0,0,0,0,0
4102,OLMITO 0,294,OLMITO,26.00145079,-97.51972145,0,0,24.168,0,0,0,0,0,0,0,0
4103,EDINBURG 1 0,295,EDINBURG 1,26.40603075,-98.14027272,0,0,189.879,0,0,0,0,0,0,0,0
4104,TAFT 2 0,296,TAFT 2,27.96967427,-97.47286788,0,0,0,0,0,0,0,0,0,0,0
4105,TAFT 2 1,296,TAFT 2,27.96967427,-97.47286788,54,180,0,0,0,0,0,0,0,0,0
4106,PORT ISABE~1,297,PORT ISABEL,26.09470543,-97.29965224,0,0,37.548,10,8,7,6,5,4,4,3
4107,DONNA 0,298,DONNA,26.16773711,-98.09784689,0,0,118.362,0,0,0,0,0,0,0,0
4108,INGLESIDE 0,299,INGLESIDE,27.8720872,-97.21686146,0,0,28.341,8,10,7,5,3,2,1,1
4109,CORPUS CHR~8,300,CORPUS CHRISTI 11,27.70846153,-97.39740033,0,0,110.859,0,0,0,0,0,0,0,0
4110,LOS FRESNO~1,301,LOS FRESNOS,26.13836189,-97.17456677,0,0,57.345,12,11,9,8,7,7,6,6
4111,HARLINGEN ~2,302,HARLINGEN 2,26.21909635,-97.73433207,0,0,104.076,0,0,0,0,0,0,0,0
4112,RIVIERA 0,303,RIVIERA,27.31850044,-97.81019437,0,0,5.586,0,0,0,0,0,0,0,0
4120,CORPUS CHR~9,308,CORPUS CHRISTI 12,27.74574999,-97.42171708,0,0,46.524,0,0,0,0,0,0,0,0
4121,SANTA MARI~1,309,SANTA MARIA,26.08719677,-97.78563519,0,0,4.107,0,0,0,0,0,0,0,0
4122,MCALLEN 1 0,310,MCALLEN 1,26.27198096,-98.23793751,0,0,146.109,0,0,0,0,0,0,0,0
4123,CORPUS CH~27,311,CORPUS CHRISTI 7,27.65918122,-97.38244861,0,0,90.495,6,7,4,2,0,0,0,0
4124,FALFURRIAS 0,312,FALFURRIAS,26.8901316,-98.16381338,0,0,96.6201,0,0,0,0,0,0,0,0
4125,PETTUS 0,313,PETTUS,28.73986133,-98.02372094,0,0,4.503,0,0,0,0,0,0,0,0
4126,BROWNSVILL~5,314,BROWNSVILLE 3,25.99456939,-97.47789052,0,0,127.38,0,0,0,0,0,0,0,0
4127,ALICE 0,315,ALICE,27.68741274,-98.06888626,0,0,87.288,0,0,0,0,0,0,0,0
4140,SARITA 1 0,321,SARITA 1,27.33207786,-97.78922328,0,0,63.4987,0,0,0,0,0,0,0,0
4141,SARITA 1 1,321,SARITA 1,27.33207786,-97.78922328,0,0,0,0,0,0,0,0,0,0,0
4142,SARITA 1 2,321,SARITA 1,27.33207786,-97.78922328,56.4,188,0,0,0,0,0,0,0,0,0
4144,ORANGE GRO~1,323,ORANGE GROVE,27.91895903,-97.96140832,0,0,34.1417,0,0,0,0,0,0,0,0
4145,PORTLAND 0,324,PORTLAND,27.90947365,-97.4246317,0,0,49.86,0,0,0,0,0,0,0,0
4149,ROCKPORT 0,327,ROCKPORT,28.04672306,-97.06420909,0,0,61.356,3,7,5,2,0,0,0,0
4150,CORPUS CH~12,328,CORPUS CHRISTI 15,27.73462774,-97.45220389,0,0,12.528,0,0,0,0,0,0,0,0
4151,ARMSTRONG ~1,329,ARMSTRONG 1,27.00272606,-97.58383457,0,0,0,11,9,5,0,0,0,0,0
4152,ARMSTRONG ~2,329,ARMSTRONG 1,27.00272606,-97.58383457,0,0,0,11,9,5,0,0,0,0,0
4153,ARMSTRONG ~3,329,ARMSTRONG 1,27.00272606,-97.58383457,84.96,283.2,0,11,9,5,0,0,0,0,0
4154,PENITAS 0,330,PENITAS,26.22110165,-98.39686467,0,0,26.325,0,0,0,0,0,0,0,0
4155,SULLIVAN C~1,331,SULLIVAN CITY,26.41086147,-98.57683966,0,0,21.1999,0,0,0,0,0,0,0,0
4156,CORPUS CH~26,332,CORPUS CHRISTI 6,27.70476645,-97.35450717,0,0,108.009,5,7,4,1,0,0,0,0
4157,MISSION 2 0,333,MISSION 2,26.26913801,-98.29281853,0,0,104.67,0,0,0,0,0,0,0,0
4158,CORPUS CHR~1,334,CORPUS CHRISTI 1,27.81429832,-97.42700296,0,0,0,11,13,11,9,7,4,1,2
4159,CORPUS CHR~2,334,CORPUS CHRISTI 1,27.81429832,-97.42700296,0,0,36.183,11,13,11,9,7,4,1,2
4160,CORPUS CHR~3,334,CORPUS CHRISTI 1,27.81429832,-97.42700296,59.33,197.77,0,11,13,11,9,7,4,1,2
4161,CORPUS CHR~4,334,CORPUS CHRISTI 1,27.81429832,-97.42700296,59.33,197.77,0,11,13,11,9,7,4,1,2
4162,CORPUS CHR~5,334,CORPUS CHRISTI 1,27.81429832,-97.42700296,59.33,197.77,0,11,13,11,9,7,4,1,2
4163,CORPUS CHR~6,334,CORPUS CHRISTI 1,27.81429832,-97.42700296,2.7,9,0,11,13,11,9,7,4,1,2
4165,SARITA 2 0,336,SARITA 2,27.09202736,-97.77438774,0,0,0,0,0,0,0,0,0,0,0
4166,SARITA 2 1,336,SARITA 2,27.09202736,-97.77438774,60.3,201,0,0,0,0,0,0,0,0,0
4167,HARGILL 0,337,HARGILL,26.48164573,-97.75223251,0,0,5.307,0,0,0,0,0,0,0,0
4168,CORPUS CH~11,338,CORPUS CHRISTI 14,27.81143428,-97.44441879,0,0,8.865,0,0,0,0,0,0,0,0
4169,MATHIS 0,339,MATHIS,28.11216275,-97.82388021,0,0,47.4587,0,0,0,0,0,0,0,0
4170,ARANSAS PA~1,340,ARANSAS PASS,27.82054187,-97.0718759,0,0,35.859,17,18,15,13,11,10,9,8
4171,SAN BENITO 0,341,SAN BENITO,26.14225003,-97.64175129,0,0,167.634,0,0,0,0,0,0,0,0
4173,REFUGIO 0,343,REFUGIO,28.2095506,-96.98999513,0,0,12.054,13,18,17,15,12,10,3,2
4178,GOLIAD 0,347,GOLIAD,28.38059611,-97.67077261,0,0,17.457,0,0,0,0,0,0,0,0
4180,PORT ARANS~1,349,PORT ARANSAS,27.72532826,-97.14216053,0,0,10.755,14,15,12,10,8,7,7,6
4181,TAFT 1 0,350,TAFT 1,27.9867478,-97.32986932,60.03,200.1,0,0,1,0,0,0,0,0,0
4182,TAFT 1 1,350,TAFT 1,27.9867478,-97.32986932,0,0,22.68,0,1,0,0,0,0,0,0
4183,SAN PERLIT~1,351,SAN PERLITA,26.46709788,-97.71543884,60.9,203,0,0,0,0,0,0,0,0,0
4184,SAN PERLIT~2,351,SAN PERLITA,26.46709788,-97.71543884,0,0,0,0,0,0,0,0,0,0,0
4186,SANTA ROS~11,353,SANTA ROSA 2,26.43755465,-97.78172182,0,0,37.059,0,0,0,0,0,0,0,0
4191,RAYMONDVIL~1,358,RAYMONDVILLE,26.4760264,-97.69108036,0,0,46.434,0,0,0,0,0,0,0,0
4192,BROWNSVILL~1,359,BROWNSVILLE 1,25.9136942,-97.52232018,456.81,1522.71,0,0,0,0,0,0,0,0,0
4193,BROWNSVILL~2,359,BROWNSVILLE 1,25.9136942,-97.52232018,0,0,178.224,0,0,0,0,0,0,0,0
4194,SEBASTIAN ~1,361,SEBASTIAN 1,26.27748409,-97.61340836,60.48,201.6,0,0,0,0,0,0,0,0,0
5262,GLEN ROSE ~3,560,GLEN ROSE 1,32.29777315,-97.7898611,364.5,1215,456.3406,0,0,0,0,0,0,0,0
5263,GLEN ROSE ~4,560,GLEN ROSE 1,32.29777315,-97.7898611,364.5,1215,714.5207,0,0,0,0,0,0,0,0
5360,RIESEL 1 2,631,RIESEL 1,31.4735078,-96.96068083,302.4,1008,359.4768,0,0,0,0,0,0,0,0
5444,MIDLOTHIAN~1,681,MIDLOTHIAN 1,32.42847871,-97.05282405,604.98,2016.6,5150.933,0,0,0,0,0,0,0,0
6003,BASTROP 0,718,BASTROP,30.14604019,-97.26880177,0,0,338.2378,0,0,0,0,0,0,0,0
6004,BASTROP 1,718,BASTROP,30.14604019,-97.26880177,0,0,0,0,0,0,0,0,0,0,0
6005,BASTROP 2,718,BASTROP,30.14604019,-97.26880177,0,0,75.48,0,0,0,0,0,0,0,0
6006,BASTROP 3,718,BASTROP,30.14604019,-97.26880177,63.9,213,0,0,0,0,0,0,0,0,0
6007,BASTROP 4,718,BASTROP,30.14604019,-97.26880177,127.8,426,0,0,0,0,0,0,0,0,0
6008,BASTROP 5,718,BASTROP,30.14604019,-97.26880177,59.5,198.33,0,0,0,0,0,0,0,0,0
6009,BASTROP 6,718,BASTROP,30.14604019,-97.26880177,59.5,198.33,0,0,0,0,0,0,0,0,0
6010,BASTROP 7,718,BASTROP,30.14604019,-97.26880177,59.5,198.33,0,0,0,0,0,0,0,0,0
6012,PAIGE 0,720,PAIGE,30.21426096,-97.13478285,0,0,13.506,0,0,0,0,0,0,0,0
6014,WAELDER 0,722,WAELDER,29.67897764,-97.30086663,0,0,5.511,0,0,0,0,0,0,0,0
6027,ELGIN 0,733,ELGIN,30.33467576,-97.34057078,0,0,307.7856,0,0,0,0,0,0,0,0
6029,RUNGE 0,735,RUNGE,29.01507524,-97.86681045,0,0,96.2194,0,0,0,0,0,0,0,0
6030,YOAKUM 0,736,YOAKUM,29.27975571,-97.15662269,0,0,0,0,0,0,0,0,0,0,0
6031,YOAKUM 1,736,YOAKUM,29.27975571,-97.15662269,0,0,29.184,0,0,0,0,0,0,0,0
6062,BRENHAM 0,749,BRENHAM,30.18183609,-96.38181442,0,0,0,0,0,0,0,0,0,0,0
6063,BRENHAM 1,749,BRENHAM,30.18183609,-96.38181442,0,0,303.1266,0,0,0,0,0,0,0,0
6064,BRENHAM 2,749,BRENHAM,30.18183609,-96.38181442,0,0,82.476,0,0,0,0,0,0,0,0
6075,LA GRANGE 0,752,LA GRANGE,29.91829238,-96.7551902,0,0,0,0,0,0,0,0,0,0,0
6076,LA GRANGE 1,752,LA GRANGE,29.91829238,-96.7551902,0,0,0,0,0,0,0,0,0,0,0
6077,LA GRANGE 2,752,LA GRANGE,29.91829238,-96.7551902,0,0,0,0,0,0,0,0,0,0,0
6078,LA GRANGE 3,752,LA GRANGE,29.91829238,-96.7551902,169,563.33,0,0,0,0,0,0,0,0,0
6079,LA GRANGE 4,752,LA GRANGE,29.91829238,-96.7551902,169,563.33,0,0,0,0,0,0,0,0,0
6080,LA GRANGE 5,752,LA GRANGE,29.91829238,-96.7551902,169,563.33,0,0,0,0,0,0,0,0,0
6092,GONZALES 0,756,GONZALES,29.51943614,-97.45512779,0,0,35.661,0,0,0,0,0,0,0,0
6096,LULING 0,760,LULING,29.66107491,-97.50456407,0,0,72.1368,0,0,0,0,0,0,0,0
6101,WINCHESTER 0,765,WINCHESTER,30.04441532,-96.98653864,0,0,0,0,0,0,0,0,0,0,0
6102,WINCHESTER 1,765,WINCHESTER,30.04441532,-96.98653864,0,0,0,0,0,0,0,0,0,0,0
6103,WINCHESTER 2,765,WINCHESTER,30.04441532,-96.98653864,0,0,103.356,0,0,0,0,0,0,0,0
6104,WINCHESTER 3,765,WINCHESTER,30.04441532,-96.98653864,18.15,60.5,0,0,0,0,0,0,0,0,0
6105,WINCHESTER 4,765,WINCHESTER,30.04441532,-96.98653864,18.15,60.5,0,0,0,0,0,0,0,0,0
6106,WINCHESTER 5,765,WINCHESTER,30.04441532,-96.98653864,36.3,121,0,0,0,0,0,0,0,0,0
6117,SMITHVILLE 0,772,SMITHVILLE,30.02057621,-97.15805108,0,0,27.201,0,0,0,0,0,0,0,0
6122,HALLETTSVI~1,775,HALLETTSVILLE,29.42890721,-96.98732007,0,0,22.707,0,0,0,0,0,0,0,0
6133,FLATONIA 0,786,FLATONIA,29.6780405,-97.10586807,0,0,10.437,0,0,0,0,0,0,0,0
6135,FAYETTEVIL~1,788,FAYETTEVILLE,30.07785267,-96.71056871,0,0,21.711,0,0,0,0,0,0,0,0
6139,RED ROCK 0,792,RED ROCK,29.96204299,-97.45220586,0,0,9.606,0,0,0,0,0,0,0,0
6151,SCHULENBUR~1,796,SCHULENBURG,29.67233969,-96.90779341,0,0,16.143,0,0,0,0,0,0,0,0
6158,WASHINGTON 0,802,WASHINGTON,30.37038713,-96.093881,0,0,5.637,0,0,0,0,0,0,0,0
6172,CUERO 2 0,808,CUERO 2,29.10740343,-97.27242322,0,0,0,0,0,0,0,0,0,0,0
6173,CUERO 2 1,808,CUERO 2,29.10740343,-97.27242322,0,0,35.481,0,0,0,0,0,0,0,0
6188,COLUMBUS 0,822,COLUMBUS,29.75403849,-96.3990585,0,0,0,0,0,0,0,0,0,0,0
6189,COLUMBUS 1,822,COLUMBUS,29.75403849,-96.3990585,0,0,27.369,0,0,0,0,0,0,0,0
6190,SHINER 0,823,SHINER,29.57428931,-97.14022852,0,0,18.465,0,0,0,0,0,0,0,0
6195,INDUSTRY 0,827,INDUSTRY,30.03272361,-96.4785285,0,0,2.655,0,0,0,0,0,0,0,0
6196,DALE 0,828,DALE,29.93961277,-97.5852305,0,0,113.8227,0,0,0,0,0,0,0,0
6214,MARBLE FAL~8,840,MARBLE FALLS 2,30.55965178,-98.33743076,0,552.3,65.3148,0,0,0,0,0,0,0,0
6215,MARBLE FAL~9,840,MARBLE FALLS 2,30.55965178,-98.33743076,0,552.3,274.1563,0,0,0,0,0,0,0,0
6216,MARBLE FA~10,840,MARBLE FALLS 2,30.55965178,-98.33743076,0,552.3,109.9803,0,0,0,0,0,0,0,0
6218,LOCKHART 0,842,LOCKHART,29.87090925,-97.66123618,0,0,151.9833,0,0,0,0,0,0,0,0
6253,YORKTOWN 0,862,YORKTOWN,28.98803932,-97.48095762,0,0,13.197,0,0,0,0,0,0,0,0
6263,KENEDY 0,866,KENEDY,28.8417881,-97.83792793,0,0,149.9238,0,0,0,0,0,0,0,0
6264,KENEDY 1,866,KENEDY,28.8417881,-97.83792793,0,0,34.968,0,0,0,0,0,0,0,0
6265,CUERO 1 0,867,CUERO 1,29.12918764,-97.31084321,0,0,0,0,0,0,0,0,0,0,0
6266,CUERO 1 1,867,CUERO 1,29.12918764,-97.31084321,0,4.5,0,0,0,0,0,0,0,0,0
6267,CUERO 1 2,867,CUERO 1,29.12918764,-97.31084321,0,7.2,0,0,0,0,0,0,0,0,0
6268,CUERO 1 3,867,CUERO 1,29.12918764,-97.31084321,0,4.5,0,0,0,0,0,0,0,0,0
6269,CUERO 1 4,867,CUERO 1,29.12918764,-97.31084321,0,7.2,0,0,0,0,0,0,0,0,0
6270,CUERO 1 5,867,CUERO 1,29.12918764,-97.31084321,0,18,0,0,0,0,0,0,0,0,0
6271,CUERO 1 6,867,CUERO 1,29.12918764,-97.31084321,0,11,0,0,0,0,0,0,0,0,0
6272,CUERO 1 7,867,CUERO 1,29.12918764,-97.31084321,0,7.2,0,0,0,0,0,0,0,0,0
6273,CUERO 1 8,867,CUERO 1,29.12918764,-97.31084321,0,7.2,0,0,0,0,0,0,0,0,0
6274,CUERO 1 9,867,CUERO 1,29.12918764,-97.31084321,0,8.4,0,0,0,0,0,0,0,0,0
6277,KYLE 0,870,KYLE,29.87540776,-97.85135577,0,0,619.2906,0,0,0,0,0,0,0,0
6278,KYLE 1,870,KYLE,29.87540776,-97.85135577,0,0,320.3804,0,0,0,0,0,0,0,0
6292,CEDAR CREE~1,881,CEDAR CREEK 1,30.14548013,-97.54853783,0,0,1537.273,0,0,0,0,0,0,0,0
6293,CEDAR CREE~2,881,CEDAR CREEK 1,30.14548013,-97.54853783,0,0,434.1087,0,0,0,0,0,0,0,0
6294,CEDAR CREE~3,881,CEDAR CREEK 1,30.14548013,-97.54853783,0,0,217.6845,0,0,0,0,0,0,0,0
6295,CEDAR CREE~4,881,CEDAR CREEK 1,30.14548013,-97.54853783,61.87,206.23,0,0,0,0,0,0,0,0,0
6296,CEDAR CREE~5,881,CEDAR CREEK 1,30.14548013,-97.54853783,61.87,206.23,0,0,0,0,0,0,0,0,0
6297,CEDAR CREE~6,881,CEDAR CREEK 1,30.14548013,-97.54853783,61.9,206.23,0,0,0,0,0,0,0,0,0
6311,NEW ULM 0,887,NEW ULM,29.86843866,-96.77540336,0,0,8.583,0,0,0,0,0,0,0,0
6327,WEIMAR 0,898,WEIMAR,29.46713381,-96.62001573,0,0,17.61,0,0,0,0,0,0,0,0
6329,NORDHEIM 0,900,NORDHEIM,28.91151648,-97.62427465,0,0,1.788,0,0,0,0,0,0,0,0
6339,CEDAR CREE~7,908,CEDAR CREEK 2,30.13103048,-97.47357916,0,0,34.371,0,0,0,0,0,0,0,0
6340,NIXON 0,909,NIXON,29.30817158,-97.74081327,0,0,86.0972,0,0,0,0,0,0,0,0
6341,CHAPPELL H~1,910,CHAPPELL HILL,30.13839675,-96.32550988,0,0,6.3,0,0,0,0,0,0,0,0
7001,INEZ 0,922,INEZ,28.81949381,-96.92969818,0,0,9.3,0,0,0,0,0,0,0,0
7002,PASADENA 2 0,923,PASADENA 2,29.72488092,-95.17571087,0,0,0,0,2,6,6,5,4,3,2
7003,PASADENA 2 1,923,PASADENA 2,29.72488092,-95.17571087,0,0,0,0,2,6,6,5,4,3,2
7004,PASADENA 2 2,923,PASADENA 2,29.72488092,-95.17571087,0,0,221.916,0,2,6,6,5,4,3,2
7005,PASADENA 2 3,923,PASADENA 2,29.72488092,-95.17571087,48.9,163,0,0,2,6,6,5,4,3,2
7006,PASADENA 2 4,923,PASADENA 2,29.72488092,-95.17571087,48.9,163,0,0,2,6,6,5,4,3,2
7007,PASADENA 2 5,923,PASADENA 2,29.72488092,-95.17571087,48.9,163,0,0,2,6,6,5,4,3,2
7008,PASADENA 2 6,923,PASADENA 2,29.72488092,-95.17571087,48.9,163,0,0,2,6,6,5,4,3,2
7009,PASADENA 2 7,923,PASADENA 2,29.72488092,-95.17571087,48.9,163,0,0,2,6,6,5,4,3,2
7010,PRAIRIE VI~1,924,PRAIRIE VIEW,30.08491777,-95.98240134,0,0,15.651,0,0,0,0,0,0,0,0
7011,CONROE 1 0,925,CONROE 1,30.32209076,-95.29479408,0,0,35.793,0,0,0,0,0,0,0,0
7012,SIMONTON 0,926,SIMONTON,29.70193169,-95.84646623,0,0,0.939,0,0,0,0,0,0,0,0
7013,HOUSTON 80 0,927,HOUSTON 80,29.99666309,-95.56606442,0,0,138.051,0,0,0,0,0,0,0,0
7014,HOUSTON 1 0,928,HOUSTON 1,29.7953072,-95.28029076,0,0,52.806,0,0,0,0,0,0,0,0
7015,HOUSTON 1 1,928,HOUSTON 1,29.7953072,-95.28029076,1.2,4,0,0,0,0,0,0,0,0,0
7016,HOUSTON 9 0,929,HOUSTON 9,29.82002136,-95.15408334,0,0,85.563,0,0,0,0,0,0,0,0
7017,HOUSTON 73 0,930,HOUSTON 73,29.81840571,-95.52483532,0,0,135.825,0,0,0,0,0,0,0,0
7018,NURSERY 0,931,NURSERY,28.89430682,-97.13406371,0,0,133.6037,0,0,0,0,0,0,0,0
7019,NURSERY 1,931,NURSERY,28.89430682,-97.13406371,0,0,0,0,0,0,0,0,0,0,0
7020,NURSERY 2,931,NURSERY,28.89430682,-97.13406371,0,0,75.384,0,0,0,0,0,0,0,0
7021,NURSERY 3,931,NURSERY,28.89430682,-97.13406371,6.72,22.4,0,0,0,0,0,0,0,0,0
7022,NURSERY 4,931,NURSERY,28.89430682,-97.13406371,14.22,47.4,0,0,0,0,0,0,0,0,0
7023,NURSERY 5,931,NURSERY,28.89430682,-97.13406371,14.22,47.4,0,0,0,0,0,0,0,0,0
7024,NURSERY 6,931,NURSERY,28.89430682,-97.13406371,28.44,94.8,0,0,0,0,0,0,0,0,0
7025,NURSERY 7,931,NURSERY,28.89430682,-97.13406371,0.96,3.2,0,0,0,0,0,0,0,0,0
7026,BACLIFF 0,932,BACLIFF,29.48751579,-94.98242177,0,0,43.389,10,12,16,16,15,13,12,12
7027,SPRING 1 0,933,SPRING 1,30.04388209,-95.3507931,0,0,109.221,0,0,0,0,0,0,0,0
7028,HOUSTON 72 0,934,HOUSTON 72,29.66788715,-95.50935798,0,0,77.013,0,0,0,0,0,0,0,0
7029,PORT LAVAC~1,935,PORT LAVACA,28.57457074,-96.83302412,0,0,0,0,0,0,0,0,0,0,0
7030,PORT LAVAC~2,935,PORT LAVACA,28.57457074,-96.83302412,0,0,0,0,0,0,0,0,0,0,0
7031,PORT LAVAC~3,935,PORT LAVACA,28.57457074,-96.83302412,11.64,38.8,0,0,0,0,0,0,0,0,0
7032,PORT LAVAC~4,935,PORT LAVACA,28.57457074,-96.83302412,3,10,0,0,0,0,0,0,0,0,0
7033,PORT LAVAC~5,935,PORT LAVACA,28.57457074,-96.83302412,3,10,0,0,0,0,0,0,0,0,0
7034,PORT LAVAC~6,935,PORT LAVACA,28.57457074,-96.83302412,1.32,4.4,0,0,0,0,0,0,0,0,0
7035,CONROE 5 0,936,CONROE 5,30.305183,-95.424229,0,0,0,0,0,0,0,0,0,0,0
7036,CONROE 5 1,936,CONROE 5,30.305183,-95.424229,0,0,92.307,0,0,0,0,0,0,0,0
7037,SUGAR LAND~5,937,SUGAR LAND 3,29.6706901,-95.7160849,0,0,0,0,0,0,0,0,0,0,0
7038,SUGAR LAND~6,937,SUGAR LAND 3,29.6706901,-95.7160849,0,0,0,0,0,0,0,0,0,0,0
7039,SUGAR LAND~7,937,SUGAR LAND 3,29.6706901,-95.7160849,0,0,235.503,0,0,0,0,0,0,0,0
7040,DAYTON 0,938,DAYTON,30.03709291,-94.89275059,0,0,0,0,0,0,0,0,0,0,0
7041,DAYTON 1,938,DAYTON,30.03709291,-94.89275059,0,0,93.885,0,0,0,0,0,0,0,0
7042,VICTORIA 2 0,939,VICTORIA 2,28.78675811,-97.01044258,0,0,0,0,0,0,0,0,0,0,0
7043,VICTORIA 2 1,939,VICTORIA 2,28.78675811,-97.01044258,0,0,0,0,0,0,0,0,0,0,0
7044,VICTORIA 2 2,939,VICTORIA 2,28.78675811,-97.01044258,0,0,124.644,0,0,0,0,0,0,0,0
7045,VICTORIA 2 3,939,VICTORIA 2,28.78675811,-97.01044258,56.53,188.45,0,0,0,0,0,0,0,0,0
7046,VICTORIA 2 4,939,VICTORIA 2,28.78675811,-97.01044258,56.53,188.45,0,0,0,0,0,0,0,0,0
7047,KATY 1 0,940,KATY 1,29.80273019,-95.7537463,0,0,0,0,0,0,0,0,0,0,0
7048,KATY 1 1,940,KATY 1,29.80273019,-95.7537463,0,0,0,0,0,0,0,0,0,0,0
7049,KATY 1 2,940,KATY 1,29.80273019,-95.7537463,0,0,283.146,0,0,0,0,0,0,0,0
7050,MAGNOLIA 2 0,941,MAGNOLIA 2,30.15970939,-95.80993075,0,0,72.03,0,0,0,0,0,0,0,0
7051,HOUSTON 29 0,942,HOUSTON 29,29.83962109,-95.35378515,0,0,140.787,0,0,0,0,0,0,0,0
7052,MISSOURI C~1,943,MISSOURI CITY 1,29.6126449,-95.52998946,0,0,106.662,0,0,0,0,0,0,0,0
7053,RICHMOND 1 0,944,RICHMOND 1,29.48071782,-95.62409274,0,0,105.963,0,0,0,0,0,0,0,0
7054,HOUSTON 11 0,945,HOUSTON 11,29.91328788,-95.21460978,0,0,92.847,0,0,0,0,0,0,0,0
7055,HOUSTON 33 0,946,HOUSTON 33,29.72118505,-95.36519949,0,0,98.076,0,0,0,0,0,0,0,0
7056,SPRING 8 0,947,SPRING 8,30.23207707,-95.51591036,0,0,0,0,0,0,0,0,0,0,0
7057,SPRING 8 1,947,SPRING 8,30.23207707,-95.51591036,0,0,106.107,0,0,0,0,0,0,0,0
7058,POINT COMF~4,948,POINT COMFORT 2,28.69173909,-96.55038825,0,0,0,0,3,5,3,2,0,0,0
7059,POINT COMF~5,948,POINT COMFORT 2,28.69173909,-96.55038825,0,0,0,0,3,5,3,2,0,0,0
7060,POINT COMF~6,948,POINT COMFORT 2,28.69173909,-96.55038825,0,0,0,0,3,5,3,2,0,0,0
7061,POINT COMF~7,948,POINT COMFORT 2,28.69173909,-96.55038825,34.47,114.9,0,0,3,5,3,2,0,0,0
7062,POINT COMF~8,948,POINT COMFORT 2,28.69173909,-96.55038825,34.47,114.9,0,0,3,5,3,2,0,0,0
7063,POINT COMF~9,948,POINT COMFORT 2,28.69173909,-96.55038825,34.47,114.9,0,0,3,5,3,2,0,0,0
7064,POINT COM~10,948,POINT COMFORT 2,28.69173909,-96.55038825,34.47,114.9,0,0,3,5,3,2,0,0,0
7065,POINT COM~11,948,POINT COMFORT 2,28.69173909,-96.55038825,34.47,114.9,0,0,3,5,3,2,0,0,0
7066,POINT COM~12,948,POINT COMFORT 2,28.69173909,-96.55038825,34.47,114.9,0,0,3,5,3,2,0,0,0
7067,HOUSTON 28 0,949,HOUSTON 28,29.91127073,-95.32173279,0,0,82.686,0,0,0,0,0,0,0,0
7068,EL CAMPO 0,950,EL CAMPO,29.2339899,-96.27851913,0,0,0,0,0,0,0,0,0,0,0
7069,EL CAMPO 1,950,EL CAMPO,29.2339899,-96.27851913,0,0,51.162,0,0,0,0,0,0,0,0
7070,HOUSTON 12 0,951,HOUSTON 12,29.60990721,-95.18439047,0,0,101.034,0,0,2,3,1,0,0,0
7071,PORT O CON~1,952,PORT O CONNOR,28.43116561,-96.46303527,0,0,3.759,10,16,15,12,10,9,7,6
7072,DICKINSON 0,953,DICKINSON,29.46113625,-95.05691729,0,0,116.418,14,16,20,20,19,18,16,16
7073,GALVESTON ~1,954,GALVESTON 1,29.30285415,-94.79740943,0,0,0,14,16,20,19,18,16,15,15
7074,GALVESTON ~2,954,GALVESTON 1,29.30285415,-94.79740943,0,0,69.129,14,16,20,19,18,16,15,15
7075,HOUSTON 10 0,955,HOUSTON 10,29.75967376,-95.17300667,0,0,160.863,1,3,7,8,7,5,4,2
7076,BAYTOWN 2 0,956,BAYTOWN 2,29.77395471,-94.90268787,0,0,0,0,1,5,6,5,4,2,0
7077,BAYTOWN 2 1,956,BAYTOWN 2,29.77395471,-94.90268787,0,0,0,0,1,5,6,5,4,2,0
7078,BAYTOWN 2 2,956,BAYTOWN 2,29.77395471,-94.90268787,0,0,0,0,1,5,6,5,4,2,0
7079,BAYTOWN 2 3,956,BAYTOWN 2,29.77395471,-94.90268787,68.59,228.65,0,0,1,5,6,5,4,2,0
7080,BAYTOWN 2 4,956,BAYTOWN 2,29.77395471,-94.90268787,68.59,228.65,0,0,1,5,6,5,4,2,0
7081,BAYTOWN 2 5,956,BAYTOWN 2,29.77395471,-94.90268787,68.59,228.65,0,0,1,5,6,5,4,2,0
7082,BAYTOWN 2 6,956,BAYTOWN 2,29.77395471,-94.90268787,68.59,228.65,0,0,1,5,6,5,4,2,0
7083,LEAGUE CIT~1,957,LEAGUE CITY,29.50096431,-95.08208057,0,0,0,6,8,12,12,11,10,9,8
7084,LEAGUE CIT~2,957,LEAGUE CITY,29.50096431,-95.08208057,0,0,214.74,6,8,12,12,11,10,9,8
7085,LIVERPOOL 0,958,LIVERPOOL,29.27919287,-95.29499286,0,0,4.104,0,0,3,3,2,0,0,0
7086,HOUSTON 16 0,959,HOUSTON 16,29.76047556,-95.25272084,0,0,53.442,0,0,1,1,0,0,0,0
7087,SUGAR LAND~1,960,SUGAR LAND 1,29.63372906,-95.58920005,0,0,74.217,0,0,0,0,0,0,0,0
7088,RICHMOND 2 0,961,RICHMOND 2,29.62705081,-95.81243764,0,0,101.046,0,0,0,0,0,0,0,0
7089,HOUSTON 82 0,962,HOUSTON 82,29.82257704,-95.57299538,0,0,70.074,0,0,0,0,0,0,0,0
7090,PINEHURST 0,963,PINEHURST,30.16136754,-95.67293537,0,0,13.8,0,0,0,0,0,0,0,0
7091,PEARLAND 2 0,964,PEARLAND 2,29.56023442,-95.32257244,0,0,210.684,0,0,0,0,0,0,0,0
7092,HOUSTON 47 0,965,HOUSTON 47,29.72974732,-95.42291559,0,0,39.228,0,0,0,0,0,0,0,0
7093,HOUSTON 79 0,966,HOUSTON 79,29.74633906,-95.57439041,0,0,109.155,0,0,0,0,0,0,0,0
7094,HOUSTON 49 0,967,HOUSTON 49,29.8151793,-95.43482695,0,0,76.689,0,0,0,0,0,0,0,0
7095,WADSWORTH 0,968,WADSWORTH,28.79946757,-96.0505597,0,0,0,0,0,0,0,0,0,0,0
7096,WADSWORTH 1,968,WADSWORTH,28.79946757,-96.0505597,0,0,0,0,0,0,0,0,0,0,0
7097,WADSWORTH 2,968,WADSWORTH,28.79946757,-96.0505597,0,0,0,0,0,0,0,0,0,0,0
7098,WADSWORTH 3,968,WADSWORTH,28.79946757,-96.0505597,406.29,1354.3,0,0,0,0,0,0,0,0,0
7099,WADSWORTH 4,968,WADSWORTH,28.79946757,-96.0505597,406.29,1354.3,0,0,0,0,0,0,0,0,0
7100,HOUSTON 18 0,969,HOUSTON 18,29.71511581,-95.2654561,0,0,62.157,1,3,8,8,7,6,4,2
7101,HOUSTON 88 0,970,HOUSTON 88,29.67479826,-95.6207685,0,0,212.511,0,0,0,0,0,0,0,0
7102,TOMBALL 1 0,971,TOMBALL 1,30.09011842,-95.60597629,0,0,118.053,0,0,0,0,0,0,0,0
7103,HOUSTON 22 0,972,HOUSTON 22,29.74302583,-95.30990848,0,0,58.641,0,0,0,0,0,0,0,0
7104,DEER PARK 0,973,DEER PARK,29.7219857,-95.12389579,0,0,0,3,5,9,10,9,7,6,5
7105,DEER PARK 1,973,DEER PARK,29.7219857,-95.12389579,0,0,0,3,5,9,10,9,7,6,5
7106,DEER PARK 2,973,DEER PARK,29.7219857,-95.12389579,0,0,92.07,3,5,9,10,9,7,6,5
7107,DEER PARK 3,973,DEER PARK,29.7219857,-95.12389579,45,150,0,3,5,9,10,9,7,6,5
7108,DEER PARK 4,973,DEER PARK,29.7219857,-95.12389579,15.3,51,0,3,5,9,10,9,7,6,5
7109,DEER PARK 5,973,DEER PARK,29.7219857,-95.12389579,15.3,51,0,3,5,9,10,9,7,6,5
7110,DEER PARK 6,973,DEER PARK,29.7219857,-95.12389579,58.8,196,0,3,5,9,10,9,7,6,5
7111,DEER PARK 7,973,DEER PARK,29.7219857,-95.12389579,58.8,196,0,3,5,9,10,9,7,6,5
7112,DEER PARK 8,973,DEER PARK,29.7219857,-95.12389579,58.8,196,0,3,5,9,10,9,7,6,5
7113,DEER PARK 9,973,DEER PARK,29.7219857,-95.12389579,58.8,196,0,3,5,9,10,9,7,6,5
7114,DEER PARK 10,973,DEER PARK,29.7219857,-95.12389579,58.8,196,0,3,5,9,10,9,7,6,5
7115,DEER PARK 11,973,DEER PARK,29.7219857,-95.12389579,58.8,196,0,3,5,9,10,9,7,6,5
7116,WALLIS 0,974,WALLIS,29.63108531,-96.07607599,0,0,12.162,0,0,0,0,0,0,0,0
7117,HOUSTON 67 0,975,HOUSTON 67,29.93904452,-95.53011935,0,0,84.027,0,0,0,0,0,0,0,0
7118,SPRING 4 0,976,SPRING 4,30.04545158,-95.48044733,0,0,121.152,0,0,0,0,0,0,0,0
7119,SOUTH HOUS~1,977,SOUTH HOUSTON,29.65971771,-95.24484663,0,0,49.704,0,0,2,2,1,0,0,0
7120,HOUSTON 3 0,978,HOUSTON 3,29.71174338,-95.64329231,0,0,149.7,0,0,0,0,0,0,0,0
7121,HOUSTON 3 1,978,HOUSTON 3,29.71174338,-95.64329231,1.11,3.7,0,0,0,0,0,0,0,0,0
7122,HOUSTON 3 2,978,HOUSTON 3,29.71174338,-95.64329231,1.29,4.3,0,0,0,0,0,0,0,0,0
7123,SEADRIFT 0,979,SEADRIFT,28.41669032,-96.66773703,0,0,6.627,8,13,12,10,8,7,7,3
7124,HOUSTON 34 0,980,HOUSTON 34,29.77682259,-95.37989464,0,0,164.661,0,0,0,0,0,0,0,0
7125,SUGAR LAND~2,981,SUGAR LAND 2,29.59462326,-95.6301477,0,0,0,0,0,0,0,0,0,0,0
7126,SUGAR LAND~3,981,SUGAR LAND 2,29.59462326,-95.6301477,0,0,0,0,0,0,0,0,0,0,0
7127,SUGAR LAND~4,981,SUGAR LAND 2,29.59462326,-95.6301477,0,0,223.542,0,0,0,0,0,0,0,0
7128,CONROE 7 0,982,CONROE 7,30.33701795,-95.50768553,0,0,63.942,0,0,0,0,0,0,0,0
7129,LOLITA 0,983,LOLITA,28.85316225,-96.55739852,0,0,5.151,0,0,0,0,0,0,0,0
7130,LAPORTE 0,984,LAPORTE,29.72517391,-95.06033729,0,0,0,9,11,15,15,14,13,12,10
7131,LAPORTE 1,984,LAPORTE,29.72517391,-95.06033729,0,0,0,9,11,15,15,14,13,12,10
7132,LAPORTE 2,984,LAPORTE,29.72517391,-95.06033729,0,0,72.753,9,11,15,15,14,13,12,10
7133,LAPORTE 3,984,LAPORTE,29.72517391,-95.06033729,4.89,16.3,0,9,11,15,15,14,13,12,10
7134,LAPORTE 4,984,LAPORTE,29.72517391,-95.06033729,61.97,206.55,0,9,11,15,15,14,13,12,10
7135,LAPORTE 5,984,LAPORTE,29.72517391,-95.06033729,61.97,206.55,0,9,11,15,15,14,13,12,10
7136,LAPORTE 6,984,LAPORTE,29.72517391,-95.06033729,61.97,206.55,0,9,11,15,15,14,13,12,10
7137,LAPORTE 7,984,LAPORTE,29.72517391,-95.06033729,61.97,206.55,0,9,11,15,15,14,13,12,10
7138,LAPORTE 8,984,LAPORTE,29.72517391,-95.06033729,114.21,380.7,0,9,11,15,15,14,13,12,10
7139,LAPORTE 9,984,LAPORTE,29.72517391,-95.06033729,17.7,59,0,9,11,15,15,14,13,12,10
7140,LAPORTE 10,984,LAPORTE,29.72517391,-95.06033729,17.7,59,0,9,11,15,15,14,13,12,10
7141,LAPORTE 11,984,LAPORTE,29.72517391,-95.06033729,17.7,59,0,9,11,15,15,14,13,12,10
7142,LAPORTE 12,984,LAPORTE,29.72517391,-95.06033729,17.7,59,0,9,11,15,15,14,13,12,10
7143,NEW CANEY 0,985,NEW CANEY,30.13494011,-95.21959747,0,0,59.961,0,0,0,0,0,0,0,0
7144,HOUSTON 14 0,986,HOUSTON 14,29.70083764,-95.25303874,0,0,97.683,0,2,7,7,6,4,3,1
7145,HOUSTON 2 0,987,HOUSTON 2,29.91534222,-95.21631874,0,0,143.784,0,0,0,0,0,0,0,0
7146,HOUSTON 2 1,987,HOUSTON 2,29.91534222,-95.21631874,3.06,10.2,0,0,0,0,0,0,0,0,0
7147,HOUSTON 78 0,988,HOUSTON 78,29.63323423,-95.56197108,0,0,47.286,0,0,0,0,0,0,0,0
7148,HOUSTON 40 0,989,HOUSTON 40,29.9017227,-95.37038154,0,0,59.457,0,0,0,0,0,0,0,0
7149,BLOOMINGTO~1,990,BLOOMINGTON,28.7313368,-96.8215481,0,0,12.249,0,0,0,0,0,0,0,0
7150,WILLIS 2 0,991,WILLIS 2,30.41586779,-95.32817651,0,0,156.3858,0,0,0,0,0,0,0,0
7151,WILLIS 2 1,991,WILLIS 2,30.41586779,-95.32817651,0,0,44.055,0,0,0,0,0,0,0,0
7152,HOUSTON 51 0,992,HOUSTON 51,29.72468799,-95.45053883,0,0,3.588,0,0,0,0,0,0,0,0
7153,PALACIOS 0,993,PALACIOS,28.7570038,-96.2121303,0,0,26.205,0,2,4,3,1,0,0,0
7154,CONROE 4 0,994,CONROE 4,30.16993541,-95.43902643,0,0,58.602,0,0,0,0,0,0,0,0
7155,HOUSTON 52 0,995,HOUSTON 52,29.67224857,-95.41306912,0,0,78.411,0,0,0,0,0,0,0,0
7156,SPRING 2 0,996,SPRING 2,30.08648957,-95.44100905,0,0,0,0,0,0,0,0,0,0,0
7157,SPRING 2 1,996,SPRING 2,30.08648957,-95.44100905,0,0,163.827,0,0,0,0,0,0,0,0
7158,KINGWOOD 1 0,997,KINGWOOD 1,30.05448935,-95.18928695,0,0,78.366,0,0,0,0,0,0,0,0
7159,HOUSTON 5 0,998,HOUSTON 5,29.94017715,-95.53224183,0,0,0,0,0,0,0,0,0,0,0
7160,HOUSTON 5 1,998,HOUSTON 5,29.94017715,-95.53224183,0,0,0,0,0,0,0,0,0,0,0
7161,HOUSTON 5 2,998,HOUSTON 5,29.94017715,-95.53224183,0,0,137.541,0,0,0,0,0,0,0,0
7162,HOUSTON 5 3,998,HOUSTON 5,29.94017715,-95.53224183,33.18,110.6,0,0,0,0,0,0,0,0,0
7163,HOUSTON 5 4,998,HOUSTON 5,29.94017715,-95.53224183,33.18,110.6,0,0,0,0,0,0,0,0,0
7164,HOUSTON 5 5,998,HOUSTON 5,29.94017715,-95.53224183,33.18,110.6,0,0,0,0,0,0,0,0,0
7165,HOUSTON 5 6,998,HOUSTON 5,29.94017715,-95.53224183,33.18,110.6,0,0,0,0,0,0,0,0,0
7166,HOUSTON 5 7,998,HOUSTON 5,29.94017715,-95.53224183,33.18,110.6,0,0,0,0,0,0,0,0,0
7167,HOUSTON 5 8,998,HOUSTON 5,29.94017715,-95.53224183,33.2,110.6,0,0,0,0,0,0,0,0,0
7168,HOUSTON 5 9,998,HOUSTON 5,29.94017715,-95.53224183,26.32,87.72,0,0,0,0,0,0,0,0,0
7169,HOUSTON 5 10,998,HOUSTON 5,29.94017715,-95.53224183,26.3,87.72,0,0,0,0,0,0,0,0,0
7170,HOUSTON 5 11,998,HOUSTON 5,29.94017715,-95.53224183,105.26,350.87,0,0,0,0,0,0,0,0,0
7171,TEXAS CITY~1,999,TEXAS CITY 1,29.38015268,-94.922982,0,0,0,0,0,0,0,0,0,0,0
7172,TEXAS CITY~2,999,TEXAS CITY 1,29.38015268,-94.922982,0,0,91.122,0,0,0,0,0,0,0,0
7173,KINGWOOD 2 0,1000,KINGWOOD 2,29.99997197,-95.23476738,0,0,112.536,0,0,0,0,0,0,0,0
7174,HOUSTON 8 0,1001,HOUSTON 8,29.56180725,-95.14138727,0,0,124.674,0,0,4,5,3,2,1,1
7175,SPRING 7 0,1002,SPRING 7,30.02383307,-95.57016615,0,0,0,0,0,0,0,0,0,0,0
7176,SPRING 7 1,1002,SPRING 7,30.02383307,-95.57016615,0,0,0,0,0,0,0,0,0,0,0
7177,SPRING 7 2,1002,SPRING 7,30.02383307,-95.57016615,0,0,211.632,0,0,0,0,0,0,0,0
7178,HOUSTON 41 0,1003,HOUSTON 41,29.94062632,-95.36973428,0,0,122.49,0,0,0,0,0,0,0,0
7179,FRESNO 0,1004,FRESNO,29.57951595,-95.48714504,0,0,58.293,0,0,0,0,0,0,0,0
7180,HOUSTON 48 0,1005,HOUSTON 48,29.7947528,-95.43343951,0,0,91.446,0,0,0,0,0,0,0,0
7181,HOUSTON 58 0,1006,HOUSTON 58,29.85454494,-95.47619899,0,0,148.98,0,0,0,0,0,0,0,0
7182,PATTISON 0,1007,PATTISON,29.84784086,-96.20057449,0,0,2.07,0,0,0,0,0,0,0,0
7183,HOUSTON 77 0,1008,HOUSTON 77,29.71871899,-95.53669257,0,0,215.907,0,0,0,0,0,0,0,0
7184,MISSOURI C~2,1009,MISSOURI CITY 2,29.48124526,-95.58637819,0,0,0,0,0,0,0,0,0,0,0
7185,MISSOURI C~3,1009,MISSOURI CITY 2,29.48124526,-95.58637819,0,0,168.927,0,0,0,0,0,0,0,0
7186,HOUSTON 4 0,1010,HOUSTON 4,29.73284733,-95.38586817,0,0,0,0,0,0,0,0,0,0,0
7187,HOUSTON 4 1,1010,HOUSTON 4,29.73284733,-95.38586817,0,0,0,0,0,0,0,0,0,0,0
7188,HOUSTON 4 2,1010,HOUSTON 4,29.73284733,-95.38586817,0,0,76.584,0,0,0,0,0,0,0,0
7189,HOUSTON 4 3,1010,HOUSTON 4,29.73284733,-95.38586817,2.07,6.9,0,0,0,0,0,0,0,0,0
7190,HOUSTON 4 4,1010,HOUSTON 4,29.73284733,-95.38586817,14.4,48,0,0,0,0,0,0,0,0,0
7191,HOUSTON 4 5,1010,HOUSTON 4,29.73284733,-95.38586817,1.5,5,0,0,0,0,0,0,0,0,0
7192,HOUSTON 4 6,1010,HOUSTON 4,29.73284733,-95.38586817,10.5,35,0,0,0,0,0,0,0,0,0
7193,HOUSTON 4 7,1010,HOUSTON 4,29.73284733,-95.38586817,2.25,7.5,0,0,0,0,0,0,0,0,0
7194,HOUSTON 4 8,1010,HOUSTON 4,29.73284733,-95.38586817,69.28,230.95,0,0,0,0,0,0,0,0,0
7195,HOUSTON 4 9,1010,HOUSTON 4,29.73284733,-95.38586817,69.28,230.95,0,0,0,0,0,0,0,0,0
7196,HOUSTON 4 10,1010,HOUSTON 4,29.73284733,-95.38586817,69.28,230.95,0,0,0,0,0,0,0,0,0
7197,HOUSTON 4 11,1010,HOUSTON 4,29.73284733,-95.38586817,69.28,230.95,0,0,0,0,0,0,0,0,0
7198,TOMBALL 2 0,1011,TOMBALL 2,29.98952301,-95.61839911,0,0,86.124,0,0,0,0,0,0,0,0
7199,CYPRESS 1 0,1012,CYPRESS 1,29.94801425,-95.67258301,0,0,0,0,0,0,0,0,0,0,0
7200,CYPRESS 1 1,1012,CYPRESS 1,29.94801425,-95.67258301,0,0,0,0,0,0,0,0,0,0,0
7201,CYPRESS 1 2,1012,CYPRESS 1,29.94801425,-95.67258301,0,0,216.792,0,0,0,0,0,0,0,0
7202,HEMPSTEAD 0,1013,HEMPSTEAD,30.07662234,-96.0832099,0,0,35.931,0,0,0,0,0,0,0,0
7203,WEST COLUM~1,1014,WEST COLUMBIA,29.14585993,-95.6746384,0,0,20.553,0,0,0,0,0,0,0,0
7204,BAYTOWN 1 0,1015,BAYTOWN 1,29.68922948,-94.91163348,0,0,0,5,7,11,12,11,9,8,7
7205,BAYTOWN 1 1,1015,BAYTOWN 1,29.68922948,-94.91163348,0,0,0,5,7,11,12,11,9,8,7
7206,BAYTOWN 1 2,1015,BAYTOWN 1,29.68922948,-94.91163348,0,0,0,5,7,11,12,11,9,8,7
7207,BAYTOWN 1 3,1015,BAYTOWN 1,29.68922948,-94.91163348,1.2,4,0,5,7,11,12,11,9,8,7
7208,BAYTOWN 1 4,1015,BAYTOWN 1,29.68922948,-94.91163348,229.5,765,0,5,7,11,12,11,9,8,7
7209,BAYTOWN 1 5,1015,BAYTOWN 1,29.68922948,-94.91163348,229.5,765,0,5,7,11,12,11,9,8,7
7210,BAYTOWN 1 6,1015,BAYTOWN 1,29.68922948,-94.91163348,53.55,178.5,0,5,7,11,12,11,9,8,7
7211,BAYTOWN 1 7,1015,BAYTOWN 1,29.68922948,-94.91163348,53.55,178.5,0,5,7,11,12,11,9,8,7
7212,BAYTOWN 1 8,1015,BAYTOWN 1,29.68922948,-94.91163348,53.55,178.5,0,5,7,11,12,11,9,8,7
7213,SANTA FE 1 0,1016,SANTA FE 1,29.34750177,-95.01591719,0,0,68.502,7,8,12,12,10,9,7,7
7214,HOUSTON 27 0,1017,HOUSTON 27,29.65089932,-95.31452449,0,0,83.895,0,0,0,0,0,0,0,0
7215,SPRING 5 0,1018,SPRING 5,30.18366339,-95.49125731,0,0,104.883,0,0,0,0,0,0,0,0
7216,HOUSTON 46 0,1019,HOUSTON 46,29.78242947,-95.39852059,0,0,92.559,0,0,0,0,0,0,0,0
7217,HOUSTON 23 0,1020,HOUSTON 23,29.76095522,-95.29967435,0,0,76.392,0,0,0,0,0,0,0,0
7218,MONTGOMERY 0,1021,MONTGOMERY,30.33329911,-95.69863946,0,0,48.108,0,0,0,0,0,0,0,0
7219,HUNGERFORD 0,1022,HUNGERFORD,29.3136268,-96.10762734,0,0,1.254,0,0,0,0,0,0,0,0
7220,HOUSTON 84 0,1023,HOUSTON 84,29.66598908,-95.56114049,0,0,141.273,0,0,0,0,0,0,0,0
7221,HOUSTON 83 0,1024,HOUSTON 83,29.70042902,-95.58181182,0,0,169.578,0,0,0,0,0,0,0,0
7222,HOUSTON 24 0,1025,HOUSTON 24,29.71730013,-95.33105035,0,0,86.994,0,0,0,0,0,0,0,0
7223,HOUSTON 76 0,1026,HOUSTON 76,29.99796964,-95.5650079,0,0,49.623,0,0,0,0,0,0,0,0
7224,HOUSTON 43 0,1027,HOUSTON 43,29.70337234,-95.40147203,0,0,30.774,0,0,0,0,0,0,0,0
7225,HOUSTON 81 0,1028,HOUSTON 81,29.88167041,-95.57645752,0,0,111.438,0,0,0,0,0,0,0,0
7226,HOUSTON 35 0,1029,HOUSTON 35,29.67945272,-95.37211728,0,0,45.255,0,0,0,0,0,0,0,0
7227,HOUSTON 90 0,1030,HOUSTON 90,29.86357977,-95.68393521,0,0,0,0,0,0,0,0,0,0,0
7228,HOUSTON 90 1,1030,HOUSTON 90,29.86357977,-95.68393521,0,0,0,0,0,0,0,0,0,0,0
7229,HOUSTON 90 2,1030,HOUSTON 90,29.86357977,-95.68393521,0,0,285.411,0,0,0,0,0,0,0,0
7230,BEASLEY 0,1031,BEASLEY,29.52353885,-96.07021329,0,0,7.371,0,0,0,0,0,0,0,0
7231,HOUSTON 7 0,1032,HOUSTON 7,29.60848375,-95.12661666,0,0,50.847,2,5,9,10,8,7,6,4
7232,LA MARQUE 0,1033,LA MARQUE,29.36619603,-94.96669898,0,0,42.924,0,0,0,0,0,0,0,0
7233,WALLER 0,1034,WALLER,30.04816085,-95.92704889,0,0,33.204,0,0,0,0,0,0,0,0
7234,PORTER 0,1035,PORTER,30.18640251,-95.34220752,0,0,77.307,0,0,0,0,0,0,0,0
7235,CYPRESS 2 0,1036,CYPRESS 2,29.91003562,-95.77807786,0,0,151.617,0,0,0,0,0,0,0,0
7236,HOUSTON 30 0,1037,HOUSTON 30,29.98689433,-95.36742992,0,0,38.271,0,0,0,0,0,0,0,0
7237,FULSHEAR 0,1038,FULSHEAR,29.53914386,-95.95374214,0,0,15.09,0,0,0,0,0,0,0,0
7238,LIBERTY 0,1039,LIBERTY,30.05933984,-94.77878936,0,0,47.847,0,0,0,0,0,0,0,0
7239,WINNIE 0,1040,WINNIE,29.9052967,-94.58644704,0,0,42.396,0,0,0,0,0,0,0,0
7240,HOUSTON 63 0,1041,HOUSTON 63,29.65014268,-95.4486124,0,0,107.688,0,0,0,0,0,0,0,0
7241,HOUSTON 70 0,1042,HOUSTON 70,29.78540826,-95.52062631,0,0,104.325,0,0,0,0,0,0,0,0
7242,HOUSTON 55 0,1043,HOUSTON 55,29.91142225,-95.42298729,0,0,80.139,0,0,0,0,0,0,0,0
7243,CROSBY 0,1044,CROSBY,29.91887853,-95.10808901,0,0,78.708,0,0,0,0,0,0,0,0
7244,MANVEL 0,1045,MANVEL,29.45678166,-95.35476811,0,0,38.016,0,0,0,0,0,0,0,0
7245,HOUSTON 54 0,1046,HOUSTON 54,30.02063982,-95.42216149,0,0,98.79,0,0,0,0,0,0,0,0
7246,HOUSTON 89 0,1047,HOUSTON 89,29.91866834,-95.64999249,0,0,199.506,0,0,0,0,0,0,0,0
7247,DAMON 0,1048,DAMON,29.2916152,-95.72926816,0,0,9.201,0,0,0,0,0,0,0,0
7248,HOUSTON 74 0,1049,HOUSTON 74,29.73308673,-95.51897225,0,0,220.521,0,0,0,0,0,0,0,0
7249,HOUSTON 26 0,1050,HOUSTON 26,29.78390519,-95.34983323,0,0,71.82,0,0,0,0,0,0,0,0
7250,HOUSTON 32 0,1051,HOUSTON 32,29.75223801,-95.36167619,0,0,32.622,0,0,0,0,0,0,0,0
7251,HOCKLEY 0,1052,HOCKLEY,30.0212839,-95.84609181,0,0,35.616,0,0,0,0,0,0,0,0
7252,ANGLETON 0,1053,ANGLETON,29.16697749,-95.44063735,0,0,0,0,0,3,2,1,0,0,0
7253,ANGLETON 1,1053,ANGLETON,29.16697749,-95.44063735,0,0,90.927,0,0,3,2,1,0,0,0
7254,CONROE 3 0,1054,CONROE 3,30.32111251,-95.38715895,0,0,50.13,0,0,0,0,0,0,0,0
7255,HOUSTON 39 0,1055,HOUSTON 39,29.74791068,-95.38457636,0,0,58.992,0,0,0,0,0,0,0,0
7256,HOUSTON 59 0,1056,HOUSTON 59,29.60663213,-95.44706415,0,0,86.862,0,0,0,0,0,0,0,0
7257,PEARLAND 1 0,1057,PEARLAND 1,29.55406652,-95.25730517,0,0,127.149,0,0,0,0,0,0,0,0
7258,HOUSTON 56 0,1058,HOUSTON 56,29.75058271,-95.44789211,0,0,42.993,0,0,0,0,0,0,0,0
7259,HOUSTON 13 0,1059,HOUSTON 13,29.58935231,-95.24020309,0,0,146.055,0,0,0,0,0,0,0,0
7260,CHANNELVI~15,1060,CHANNELVIEW 2,29.80055109,-95.03142837,0,0,124.635,0,0,0,0,0,0,0,0
7261,BAY CITY 0,1061,BAY CITY,28.78505599,-95.93793301,0,0,0,0,1,3,3,1,0,0,0
7262,BAY CITY 1,1061,BAY CITY,28.78505599,-95.93793301,0,0,72.027,0,1,3,3,1,0,0,0
7263,PASADENA 3 0,1062,PASADENA 3,29.62333657,-95.04538647,0,0,0,12,13,17,18,17,16,15,13
7264,PASADENA 3 1,1062,PASADENA 3,29.62333657,-95.04538647,0,0,0,12,13,17,18,17,16,15,13
7265,PASADENA 3 2,1062,PASADENA 3,29.62333657,-95.04538647,0,0,62.91,12,13,17,18,17,16,15,13
7266,PASADENA 3 3,1062,PASADENA 3,29.62333657,-95.04538647,91.38,304.6,0,12,13,17,18,17,16,15,13
7267,PASADENA 3 4,1062,PASADENA 3,29.62333657,-95.04538647,27.19,90.64,0,12,13,17,18,17,16,15,13
7268,PASADENA 3 5,1062,PASADENA 3,29.62333657,-95.04538647,27.19,90.64,0,12,13,17,18,17,16,15,13
7269,PASADENA 3 6,1062,PASADENA 3,29.62333657,-95.04538647,27.19,90.64,0,12,13,17,18,17,16,15,13
7270,PASADENA 3 7,1062,PASADENA 3,29.62333657,-95.04538647,54.38,181.28,0,12,13,17,18,17,16,15,13
7271,BROOKSHIRE 0,1063,BROOKSHIRE,29.7871229,-95.83925561,0,0,28.449,0,0,0,0,0,0,0,0
7272,HOUSTON 25 0,1064,HOUSTON 25,29.62787155,-95.35259361,0,0,45.882,0,0,0,0,0,0,0,0
7273,TEXAS CITY~3,1065,TEXAS CITY 2,29.40397112,-94.99515059,0,0,39.393,13,14,18,18,16,15,14,14
7274,VICTORIA 3 0,1066,VICTORIA 3,28.69164723,-97.2337222,0,0,0,0,0,0,0,0,0,0,0
7275,VICTORIA 3 1,1066,VICTORIA 3,28.69164723,-97.2337222,0,0,42.306,0,0,0,0,0,0,0,0
7276,HOUSTON 36 0,1067,HOUSTON 36,29.81854145,-95.3893127,0,0,88.671,0,0,0,0,0,0,0,0
7277,GANADO 0,1068,GANADO,29.01317324,-96.50271907,0,0,15.993,0,0,0,0,0,0,0,0
7278,MONT BELVI~1,1069,MONT BELVIEU,29.82905191,-94.92140408,0,0,0,0,0,2,3,2,1,0,0
7279,MONT BELVI~2,1069,MONT BELVIEU,29.82905191,-94.92140408,0,0,148.521,0,0,2,3,2,1,0,0
7280,MONT BELVI~3,1069,MONT BELVIEU,29.82905191,-94.92140408,7.71,25.7,0,0,0,2,3,2,1,0,0
7281,MONT BELVI~4,1069,MONT BELVIEU,29.82905191,-94.92140408,4.5,15,0,0,0,2,3,2,1,0,0
7282,BAYTOWN 3 0,1070,BAYTOWN 3,29.76010098,-95.00547032,0,0,0,0,2,6,7,6,5,3,1
7283,BAYTOWN 3 1,1070,BAYTOWN 3,29.76010098,-95.00547032,0,0,109.467,0,2,6,7,6,5,3,1
7284,BAYTOWN 3 2,1070,BAYTOWN 3,29.76010098,-95.00547032,2.25,7.5,0,0,2,6,7,6,5,3,1
7285,BAYTOWN 3 3,1070,BAYTOWN 3,29.76010098,-95.00547032,8.49,28.3,0,0,2,6,7,6,5,3,1
7286,BAYTOWN 3 4,1070,BAYTOWN 3,29.76010098,-95.00547032,8.49,28.3,0,0,2,6,7,6,5,3,1
7287,BAYTOWN 3 5,1070,BAYTOWN 3,29.76010098,-95.00547032,8.49,28.3,0,0,2,6,7,6,5,3,1
7288,BAYTOWN 3 6,1070,BAYTOWN 3,29.76010098,-95.00547032,8.49,28.3,0,0,2,6,7,6,5,3,1
7289,BAYTOWN 3 7,1070,BAYTOWN 3,29.76010098,-95.00547032,16.98,56.6,0,0,2,6,7,6,5,3,1
7290,SPRING 6 0,1071,SPRING 6,30.08900446,-95.52676634,0,0,63.765,0,0,0,0,0,0,0,0
7291,HUMBLE 2 0,1072,HUMBLE 2,29.95084421,-95.33322751,0,0,101.913,0,0,0,0,0,0,0,0
7292,HOUSTON 69 0,1073,HOUSTON 69,29.98265516,-95.50259714,0,0,94.098,0,0,0,0,0,0,0,0
7293,SANTA FE 2 0,1074,SANTA FE 2,29.39170722,-95.09055304,0,0,15.945,0,2,6,5,4,3,3,3
7294,PORT BOLIV~1,1075,PORT BOLIVAR,29.55935015,-94.39557064,0,0,7.251,2,3,7,7,6,5,4,3
7295,HOUSTON 42 0,1076,HOUSTON 42,29.96438605,-95.38299661,0,0,104.37,0,0,0,0,0,0,0,0
7296,HOUSTON 85 0,1077,HOUSTON 85,29.7708789,-95.61787629,0,0,93.84,0,0,0,0,0,0,0,0
7297,HOUSTON 50 0,1078,HOUSTON 50,29.64707484,-95.44898601,0,0,93.765,0,0,0,0,0,0,0,0
7298,HOUSTON 62 0,1079,HOUSTON 62,29.81609287,-95.48292502,0,0,101.235,0,0,0,0,0,0,0,0
7299,EAGLE LAKE 0,1080,EAGLE LAKE,29.39208313,-96.3870538,0,0,18.396,0,0,0,0,0,0,0,0
7300,CONROE 2 0,1081,CONROE 2,30.18704428,-95.34666589,0,0,54.354,0,0,0,0,0,0,0,0
7301,WEBSTER 0,1082,WEBSTER,29.52283551,-95.15347616,0,0,69.177,3,5,9,9,8,6,5,4
7302,SWEENY 0,1083,SWEENY,29.05557345,-95.68724982,0,0,24.429,0,4,8,7,3,1,0,0
7303,BLESSING 0,1084,BLESSING,28.74468503,-96.42164275,0,0,6.489,0,5,6,5,3,2,0,0
7304,WHARTON 1 0,1085,WHARTON 1,29.28922926,-96.07035559,0,0,0,0,0,0,0,0,0,0,0
7305,WHARTON 1 1,1085,WHARTON 1,29.28922926,-96.07035559,0,0,0,0,0,0,0,0,0,0,0
7306,WHARTON 1 2,1085,WHARTON 1,29.28922926,-96.07035559,0,0,7.689,0,0,0,0,0,0,0,0
7307,WHARTON 1 3,1085,WHARTON 1,29.28922926,-96.07035559,29,96.68,0,0,0,0,0,0,0,0,0
7308,WHARTON 1 4,1085,WHARTON 1,29.28922926,-96.07035559,29,96.68,0,0,0,0,0,0,0,0,0
7309,WHARTON 1 5,1085,WHARTON 1,29.28922926,-96.07035559,29,96.68,0,0,0,0,0,0,0,0,0
7310,WHARTON 1 6,1085,WHARTON 1,29.28922926,-96.07035559,29,96.68,0,0,0,0,0,0,0,0,0
7311,WHARTON 1 7,1085,WHARTON 1,29.28922926,-96.07035559,58.01,193.37,0,0,0,0,0,0,0,0,0
7312,LAKE JACKS~1,1086,LAKE JACKSON,29.05265627,-95.42401001,0,0,0,0,0,0,0,0,0,0,0
7313,LAKE JACKS~2,1086,LAKE JACKSON,29.05265627,-95.42401001,0,0,86.217,0,0,0,0,0,0,0,0
7314,BELLVILLE 0,1087,BELLVILLE,29.95914515,-96.26327737,0,0,28.755,0,0,0,0,0,0,0,0
7315,KATY 4 0,1088,KATY 4,29.87521274,-95.84134824,0,0,69.312,0,0,0,0,0,0,0,0
7316,HOUSTON 38 0,1089,HOUSTON 38,29.6301194,-95.40354283,0,0,63.231,0,0,0,0,0,0,0,0
7317,FRIENDSWOO~1,1090,FRIENDSWOOD,29.49914871,-95.20133644,0,0,142.908,2,4,8,8,7,5,4,4
7318,HOUSTON 17 0,1091,HOUSTON 17,29.59913512,-95.28742384,0,0,112.164,0,0,0,0,0,0,0,0
7319,HOUSTON 66 0,1092,HOUSTON 66,29.99013735,-95.45768448,0,0,30.192,0,0,0,0,0,0,0,0
7320,FREEPORT 1 0,1093,FREEPORT 1,28.98609009,-95.33852098,0,0,0,0,0,0,0,0,0,0,0
7321,FREEPORT 1 1,1093,FREEPORT 1,28.98609009,-95.33852098,0,0,0,0,0,0,0,0,0,0,0
7322,FREEPORT 1 2,1093,FREEPORT 1,28.98609009,-95.33852098,0,0,0,0,0,0,0,0,0,0,0
7323,FREEPORT 1 3,1093,FREEPORT 1,28.98609009,-95.33852098,37.34,124.48,0,0,0,0,0,0,0,0,0
7324,FREEPORT 1 4,1093,FREEPORT 1,28.98609009,-95.33852098,37.34,124.48,0,0,0,0,0,0,0,0,0
7325,FREEPORT 1 5,1093,FREEPORT 1,28.98609009,-95.33852098,37.34,124.48,0,0,0,0,0,0,0,0,0
7326,FREEPORT 1 6,1093,FREEPORT 1,28.98609009,-95.33852098,37.34,124.48,0,0,0,0,0,0,0,0,0
7327,NEWGULF 0,1094,NEWGULF,29.26379532,-95.90051769,0,0,0,0,0,0,0,0,0,0,0
7328,NEWGULF 1,1094,NEWGULF,29.26379532,-95.90051769,0,0,0,0,0,0,0,0,0,0,0
7329,NEWGULF 2,1094,NEWGULF,29.26379532,-95.90051769,30.57,101.9,0,0,0,0,0,0,0,0,0
7330,HOUSTON 60 0,1095,HOUSTON 60,29.68415805,-95.44783563,0,0,196.053,0,0,0,0,0,0,0,0
7331,PASADENA 1 0,1096,PASADENA 1,29.72021144,-95.20736194,0,0,0,3,4,9,10,8,7,6,4
7332,PASADENA 1 1,1096,PASADENA 1,29.72021144,-95.20736194,0,0,0,3,4,9,10,8,7,6,4
7333,PASADENA 1 2,1096,PASADENA 1,29.72021144,-95.20736194,0,0,29.205,3,4,9,10,8,7,6,4
7334,PASADENA 1 3,1096,PASADENA 1,29.72021144,-95.20736194,1.41,4.7,0,3,4,9,10,8,7,6,4
7335,PASADENA 1 4,1096,PASADENA 1,29.72021144,-95.20736194,136.05,453.5,0,3,4,9,10,8,7,6,4
7336,STAFFORD 0,1097,STAFFORD,29.63746659,-95.57191878,0,0,107.691,0,0,0,0,0,0,0,0
7337,EDNA 0,1098,EDNA,28.96027986,-96.7084562,0,0,24.561,0,0,0,0,0,0,0,0
7338,HOUSTON 21 0,1099,HOUSTON 21,29.69321669,-95.30013422,0,0,109.197,0,0,0,0,0,0,0,0
7339,NEEDVILLE 0,1100,NEEDVILLE,29.3961228,-95.84089865,0,0,32.037,0,0,0,0,0,0,0,0
7340,SEALY 0,1101,SEALY,29.77913728,-96.17081539,0,0,38.637,0,0,0,0,0,0,0,0
7341,KATY 3 0,1102,KATY 3,29.69539104,-95.8208648,0,0,0,0,0,0,0,0,0,0,0
7342,KATY 3 1,1102,KATY 3,29.69539104,-95.8208648,0,0,0,0,0,0,0,0,0,0,0
7343,KATY 3 2,1102,KATY 3,29.69539104,-95.8208648,0,0,184.8,0,0,0,0,0,0,0,0
7344,HOUSTON 37 0,1103,HOUSTON 37,29.86363009,-95.37941729,0,0,101.409,0,0,0,0,0,0,0,0
7345,HOUSTON 19 0,1104,HOUSTON 19,29.66715252,-95.2830054,0,0,73.371,0,0,0,0,0,0,0,0
7346,THOMPSONS 0,1105,THOMPSONS,29.48281542,-95.63035811,0,0,0,0,0,0,0,0,0,0,0
7347,THOMPSONS 1,1105,THOMPSONS,29.48281542,-95.63035811,0,0,0,0,0,0,0,0,0,0,0
7348,THOMPSONS 2,1105,THOMPSONS,29.48281542,-95.63035811,0,0,0,0,0,0,0,0,0,0,0
7349,THOMPSONS 3,1105,THOMPSONS,29.48281542,-95.63035811,94.15,313.83,0,0,0,0,0,0,0,0,0
7350,THOMPSONS 4,1105,THOMPSONS,29.48281542,-95.63035811,94.15,313.83,0,0,0,0,0,0,0,0,0
7351,THOMPSONS 5,1105,THOMPSONS,29.48281542,-95.63035811,94.15,313.83,0,0,0,0,0,0,0,0,0
7352,THOMPSONS 6,1105,THOMPSONS,29.48281542,-95.63035811,94.15,313.83,0,0,0,0,0,0,0,0,0
7353,THOMPSONS 7,1105,THOMPSONS,29.48281542,-95.63035811,205.26,684.2,0,0,0,0,0,0,0,0,0
7354,THOMPSONS 8,1105,THOMPSONS,29.48281542,-95.63035811,205.26,684.2,0,0,0,0,0,0,0,0,0
7355,THOMPSONS 9,1105,THOMPSONS,29.48281542,-95.63035811,205.26,684.2,0,0,0,0,0,0,0,0,0
7356,THOMPSONS 10,1105,THOMPSONS,29.48281542,-95.63035811,205,684.2,0,0,0,0,0,0,0,0,0
7357,THOMPSONS 11,1105,THOMPSONS,29.48281542,-95.63035811,4.89,16.3,0,0,0,0,0,0,0,0,0
7358,THOMPSONS 12,1105,THOMPSONS,29.48281542,-95.63035811,67.56,225.2,0,0,0,0,0,0,0,0,0
7359,THOMPSONS 13,1105,THOMPSONS,29.48281542,-95.63035811,67.56,225.2,0,0,0,0,0,0,0,0,0
7360,THOMPSONS 14,1105,THOMPSONS,29.48281542,-95.63035811,67.56,225.2,0,0,0,0,0,0,0,0,0
7361,THOMPSONS 15,1105,THOMPSONS,29.48281542,-95.63035811,30.81,102.7,0,0,0,0,0,0,0,0,0
7362,HOUSTON 61 0,1106,HOUSTON 61,29.73588056,-95.48381082,0,0,56.019,0,0,0,0,0,0,0,0
7363,GALVESTON ~4,1107,GALVESTON 3,29.22771315,-94.91064678,0,0,26.589,10,13,16,15,13,12,10,10
7364,EAST BERNA~1,1108,EAST BERNARD,29.50685051,-96.3326788,0,0,14.268,0,0,0,0,0,0,0,0
7365,HOUSTON 20 0,1109,HOUSTON 20,29.84396532,-95.3141595,0,0,80.967,0,0,0,0,0,0,0,0
7366,CHANNELVIE~1,1110,CHANNELVIEW 1,29.81503512,-95.10924996,0,0,0,0,0,0,0,0,0,0,0
7367,CHANNELVIE~2,1110,CHANNELVIEW 1,29.81503512,-95.10924996,0,0,0,0,0,0,0,0,0,0,0
7368,CHANNELVIE~7,1110,CHANNELVIEW 1,29.81503512,-95.10924996,0,0,0,0,0,0,0,0,0,0,0
7369,CHANNELVIE~8,1110,CHANNELVIEW 1,29.81503512,-95.10924996,32.18,107.27,0,0,0,0,0,0,0,0,0
7370,CHANNELVIE~9,1110,CHANNELVIEW 1,29.81503512,-95.10924996,32.18,107.27,0,0,0,0,0,0,0,0,0
7371,CHANNELVI~10,1110,CHANNELVIEW 1,29.81503512,-95.10924996,32.18,107.27,0,0,0,0,0,0,0,0,0
7372,CHANNELVI~11,1110,CHANNELVIEW 1,29.81503512,-95.10924996,32.18,107.27,0,0,0,0,0,0,0,0,0
7373,CHANNELVI~12,1110,CHANNELVIEW 1,29.81503512,-95.10924996,32.18,107.27,0,0,0,0,0,0,0,0,0
7374,CHANNELVI~13,1110,CHANNELVIEW 1,29.81503512,-95.10924996,32.18,107.27,0,0,0,0,0,0,0,0,0
7375,CHANNELVI~14,1110,CHANNELVIEW 1,29.81503512,-95.10924996,55.1,183.66,0,0,0,0,0,0,0,0,0
7376,CHANNELVIE~3,1110,CHANNELVIEW 1,29.81503512,-95.10924996,55.1,183.66,0,0,0,0,0,0,0,0,0
7377,CHANNELVIE~4,1110,CHANNELVIEW 1,29.81503512,-95.10924996,55.1,183.66,0,0,0,0,0,0,0,0,0
7378,CHANNELVIE~5,1110,CHANNELVIEW 1,29.81503512,-95.10924996,55.1,183.66,0,0,0,0,0,0,0,0,0
7379,CHANNELVIE~6,1110,CHANNELVIEW 1,29.81503512,-95.10924996,55.1,183.66,0,0,0,0,0,0,0,0,0
7380,FREEPORT 3 0,1111,FREEPORT 3,29.03238374,-95.3390473,0,0,52.236,11,15,17,16,14,12,11,10
7381,HOUSTON 15 0,1112,HOUSTON 15,29.85064306,-95.26606987,0,0,94.755,0,0,0,0,0,0,0,0
7382,HOUSTON 31 0,1113,HOUSTON 31,29.72108061,-95.36456766,0,0,78.126,0,0,0,0,0,0,0,0
7383,ROSHARON 0,1114,ROSHARON,29.35374209,-95.42965482,0,0,85.593,0,0,0,0,0,0,0,0
7384,HOUSTON 44 0,1115,HOUSTON 44,29.68527658,-95.40647766,0,0,66.87,0,0,0,0,0,0,0,0
7385,HOUSTON 75 0,1116,HOUSTON 75,29.90005507,-95.50182812,0,0,135.243,0,0,0,0,0,0,0,0
7386,HOUSTON 71 0,1117,HOUSTON 71,29.68994549,-95.53667996,0,0,111.801,0,0,0,0,0,0,0,0
7387,HUMBLE 1 0,1118,HUMBLE 1,29.93272646,-95.19716203,0,0,160.734,0,0,0,0,0,0,0,0
7388,HOUSTON 68 0,1119,HOUSTON 68,29.78523307,-95.47962259,0,0,125.967,0,0,0,0,0,0,0,0
7389,WILLIS 1 0,1120,WILLIS 1,30.43730333,-95.52148787,162.84,542.8,0,0,0,0,0,0,0,0,0
7390,WILLIS 1 1,1120,WILLIS 1,30.43730333,-95.52148787,0,0,0,0,0,0,0,0,0,0,0
7391,WILLIS 1 2,1120,WILLIS 1,30.43730333,-95.52148787,0,0,42.843,0,0,0,0,0,0,0,0
7392,BAYTOWN 4 0,1121,BAYTOWN 4,29.848599,-94.8853577,0,0,52.029,0,0,0,0,0,0,0,0
7393,VAN VLECK 0,1122,VAN VLECK,29.18846303,-95.91157255,0,0,7.314,0,0,0,0,0,0,0,0
7394,HUFFMAN 0,1123,HUFFMAN,30.09067228,-95.10633304,0,0,37.413,0,0,0,0,0,0,0,0
7395,HOUSTON 53 0,1124,HOUSTON 53,29.8641007,-95.42991141,0,0,70.416,0,0,0,0,0,0,0,0
7396,HOUSTON 91 0,1125,HOUSTON 91,29.78965766,-95.61925438,0,0,25.494,0,0,0,0,0,0,0,0
7397,ROSENBERG 0,1126,ROSENBERG,29.54182378,-95.84856353,0,0,105.723,0,0,0,0,0,0,0,0
7398,PASADENA 5 0,1127,PASADENA 5,29.6579064,-95.19063772,0,0,73.587,0,0,0,0,0,0,0,0
7399,HOUSTON 45 0,1128,HOUSTON 45,29.7526426,-95.40185485,0,0,56.832,0,0,0,0,0,0,0,0
7400,HOUSTON 6 0,1129,HOUSTON 6,29.82116555,-95.21953135,263.52,878.4,0,0,0,0,0,0,0,0,0
7401,HOUSTON 6 1,1129,HOUSTON 6,29.82116555,-95.21953135,0,0,0,0,0,0,0,0,0,0,0
7402,HOUSTON 6 2,1129,HOUSTON 6,29.82116555,-95.21953135,0,0,0,0,0,0,0,0,0,0,0
7403,PASADENA 4 0,1130,PASADENA 4,29.65345692,-95.15446462,0,0,69.669,0,0,5,7,4,1,0,0
7404,HOUSTON 57 0,1131,HOUSTON 57,29.96483313,-95.43981848,0,0,177.729,0,0,0,0,0,0,0,0
7405,GALVESTON ~3,1132,GALVESTON 2,29.29621359,-94.82699055,0,0,53.259,14,17,20,19,18,16,15,15
7406,POINT COMF~1,1133,POINT COMFORT 1,28.65754863,-96.55761707,111.93,373.1,0,3,9,10,9,7,6,2,0
7407,POINT COMF~2,1133,POINT COMFORT 1,28.65754863,-96.55761707,0,0,0,3,9,10,9,7,6,2,0
7408,POINT COMF~3,1133,POINT COMFORT 1,28.65754863,-96.55761707,0,0,53.661,3,9,10,9,7,6,2,0
7409,KATY 2 0,1134,KATY 2,29.74553923,-95.73901049,0,0,0,0,0,0,0,0,0,0,0
7410,KATY 2 1,1134,KATY 2,29.74553923,-95.73901049,0,0,215.667,0,0,0,0,0,0,0,0
7411,SPRING 3 0,1135,SPRING 3,30.12849371,-95.44494468,0,0,69.408,0,0,0,0,0,0,0,0
7412,DANBURY 0,1136,DANBURY,29.2530189,-95.22033581,0,0,8.589,6,8,12,11,9,8,7,6
7413,WHARTON 2 0,1137,WHARTON 2,29.32469882,-96.11857819,0,0,42.915,0,0,0,0,0,0,0,0
7414,VICTORIA 1 0,1138,VICTORIA 1,28.67556351,-96.95861016,30.72,102.4,56.8491,0,0,0,0,0,0,0,0
7415,VICTORIA 1 1,1138,VICTORIA 1,28.67556351,-96.95861016,0,0,0,0,0,0,0,0,0,0,0
7416,VICTORIA 1 2,1138,VICTORIA 1,28.67556351,-96.95861016,0,0,0,0,0,0,0,0,0,0,0
7417,HOUSTON 64 0,1139,HOUSTON 64,29.70140442,-95.48718138,0,0,97.884,0,0,0,0,0,0,0,0
7418,HOUSTON 65 0,1140,HOUSTON 65,29.62866765,-95.49680276,0,0,48.222,0,0,0,0,0,0,0,0
7419,LA PORTE 0,1141,LA PORTE,29.69484069,-95.03949058,52.92,176.4,106.998,0,0,4,5,4,3,2,0
7420,MAGNOLIA 1 0,1142,MAGNOLIA 1,30.34038804,-95.61453113,0,0,0,0,0,0,0,0,0,0,0
7421,MAGNOLIA 1 1,1142,MAGNOLIA 1,30.34038804,-95.61453113,0,0,90.645,0,0,0,0,0,0,0,0
7422,ALVIN 0,1143,ALVIN,29.46846599,-95.17917199,452.67,1508.9,0,0,1,5,5,3,1,0,0
7423,ALVIN 1,1143,ALVIN,29.46846599,-95.17917199,0,0,0,0,1,5,5,3,1,0,0
7424,ALVIN 2,1143,ALVIN,29.46846599,-95.17917199,0,0,139.881,0,1,5,5,3,1,0,0
7425,HOUSTON 86 0,1144,HOUSTON 86,29.94002486,-95.53501152,0,0,105.978,0,0,0,0,0,0,0,0
7426,BRAZORIA 0,1145,BRAZORIA,28.9887622,-95.57345649,0,0,41.799,13,19,21,20,18,16,15,12
7427,HOUSTON 87 0,1146,HOUSTON 87,29.73658204,-95.61732722,0,0,156.453,0,0,0,0,0,0,0,0
7428,FREEPORT 2 0,1147,FREEPORT 2,28.98752607,-95.39410008,309.27,1030.82,0,0,0,0,0,0,0,0,0
7429,FREEPORT 2 1,1147,FREEPORT 2,28.98752607,-95.39410008,0,0,0,0,0,0,0,0,0,0,0
7430,FREEPORT 2 2,1147,FREEPORT 2,28.98752607,-95.39410008,0,0,46.917,0,0,0,0,0,0,0,0
7431,CONROE 6 0,1148,CONROE 6,30.20617542,-95.44742941,0,0,35.571,0,0,0,0,0,0,0,0
8009,PLANTERSVI~1,1157,PLANTERSVILLE,30.35097105,-95.78157456,0,0,9.807,0,0,0,0,0,0,0,0
8012,ANDERSON 0,1160,ANDERSON,30.43610176,-96.0020909,0,0,7.602,0,0,0,0,0,0,0,0
8030,SHIRO 0,1176,SHIRO,30.59389691,-95.91906634,0,0,270.5506,0,0,0,0,0,0,0,0
8031,SHIRO 1,1176,SHIRO,30.59389691,-95.91906634,0,0,0,0,0,0,0,0,0,0,0
8032,SHIRO 2,1176,SHIRO,30.59389691,-95.91906634,0,0,77.961,0,0,0,0,0,0,0,0
8033,SHIRO 3,1176,SHIRO,30.59389691,-95.91906634,70.48,234.93,0,0,0,0,0,0,0,0,0
8034,SHIRO 4,1176,SHIRO,30.59389691,-95.91906634,70.48,234.93,0,0,0,0,0,0,0,0,0
8035,SHIRO 5,1176,SHIRO,30.59389691,-95.91906634,70.48,234.93,0,0,0,0,0,0,0,0,0
8036,SHIRO 6,1176,SHIRO,30.59389691,-95.91906634,70.48,234.93,0,0,0,0,0,0,0,0,0
8071,JEWETT 1 4,1195,JEWETT 1,31.42417851,-96.24699812,277.47,924.9,456.0315,0,0,0,0,0,0,0,0
8088,FRANKLIN 6,1200,FRANKLIN,31.18356809,-96.48438367,269.31,897.7,334.9329,0,0,0,0,0,0,0,0
8104,NAVASOTA 0,1213,NAVASOTA,30.37522969,-96.02732806,0,0,46.533,0,0,0,0,0,0,0,0
8129,MOUNT PLEA~4,1229,MOUNT PLEASANT 1,33.09166455,-95.04202745,198,660,745.275,0,0,0,0,0,0,0,0
8130,MOUNT PLEA~5,1229,MOUNT PLEASANT 1,33.09166455,-95.04202745,198,660,274.6141,0,0,0,0,0,0,0,0
8131,MOUNT PLEA~6,1229,MOUNT PLEASANT 1,33.09166455,-95.04202745,198,660,570.8148,0,0,0,0,0,0,0,0
8143,IOLA 0,1239,IOLA,30.73147934,-96.04635187,0,0,175.1985,0,0,0,0,0,0,0,0